,Iteration,Source,0,1,2,3,4,5
0,0.0,0,-44.29999999999962,-44.40006253908654,-44.51086631969389,-44.41328725038364,-44.40206472778361,-383.49486101931416
1,0.0,1,-44.29999999999962,-44.29999999999962,-221.6579922357227,-94.42392044658307,-76.64365863089849,-44.56048590664965
2,0.0,2,-44.29999999999962,-125.61470190463662,-44.29999999999962,-86.87045525492933,-91.44216622977363,-44.41328725038364
3,0.0,3,-44.29999999999962,-245.82260302928717,-97.65211159058691,-44.29999999999962,-82.65708618566535,-44.35025125628102
4,0.0,4,-44.29999999999962,-83.65212334257113,-74.83099278172136,-269.22850070606415,-44.29999999999962,-44.40225642363337
5,0.0,5,-44.29999999999962,-61.73165104067441,-122.56917892853019,-66.28497819829899,-266.07616608213624,-44.29999999999962
6,1.0,0,-44.29999999999962,-44.40006253908654,-44.51086631969389,-44.41328725038364,-44.40206472778361,-383.49486101931416
7,1.0,1,-44.29999999999962,-44.29999999999962,-221.6579922357227,-94.42392044658307,-76.64365863089849,-44.56048590664965
8,1.0,2,-44.29999999999962,-125.61470190463662,-44.29999999999962,-86.87045525492933,-91.44216622977363,-44.41328725038364
9,1.0,3,-44.29999999999962,-245.82260302928717,-97.65211159058691,-44.29999999999962,-82.65708618566535,-44.35025125628102
10,1.0,4,-44.29999999999962,-83.65212334257113,-74.83099278172136,-269.22850070606415,-44.29999999999962,-44.40225642363337
11,1.0,5,-44.29999999999962,-61.73165104067441,-122.56917892853019,-66.28497819829899,-266.07616608213624,-44.29999999999962
12,2.0,0,-44.29999999999962,-44.40006253908654,-44.51086631969389,-44.41328725038364,-44.40206472778361,-383.49486101931416
13,2.0,1,-44.29999999999962,-44.29999999999962,-221.6579922357227,-94.42392044658307,-76.64365863089849,-44.56048590664965
14,2.0,2,-44.29999999999962,-125.61470190463662,-44.29999999999962,-86.87045525492933,-91.44216622977363,-44.41328725038364
15,2.0,3,-44.29999999999962,-245.82260302928717,-97.65211159058691,-44.29999999999962,-82.65708618566535,-44.35025125628102
16,2.0,4,-44.29999999999962,-83.65212334257113,-74.83099278172136,-269.22850070606415,-44.29999999999962,-44.40225642363337
17,2.0,5,-44.29999999999962,-61.73165104067441,-122.56917892853019,-66.28497819829899,-266.07616608213624,-44.29999999999962
18,3.0,0,-44.29999999999962,-44.40006253908654,-44.51086631969389,-44.41328725038364,-44.40206472778361,-383.49486101931416
19,3.0,1,-44.29999999999962,-44.29999999999962,-221.6579922357227,-94.42392044658307,-76.64365863089849,-44.56048590664965
20,3.0,2,-44.29999999999962,-125.61470190463662,-44.29999999999962,-86.87045525492933,-91.44216622977363,-44.41328725038364
21,3.0,3,-44.29999999999962,-245.82260302928717,-97.65211159058691,-44.29999999999962,-82.65708618566535,-44.35025125628102
22,3.0,4,-44.29999999999962,-83.65212334257113,-74.83099278172136,-269.22850070606415,-44.29999999999962,-44.40225642363337
23,3.0,5,-44.29999999999962,-61.73165104067441,-122.56917892853019,-66.28497819829899,-266.07616608213624,-44.29999999999962
24,4.0,0,-44.29999999999962,-44.40006253908654,-44.51086631969389,-44.41328725038364,-44.40206472778361,-383.49486101931416
25,4.0,1,-44.29999999999962,-44.29999999999962,-221.6579922357227,-94.42392044658307,-76.64365863089849,-44.56048590664965
26,4.0,2,-44.29999999999962,-125.61470190463662,-44.29999999999962,-86.87045525492933,-91.44216622977363,-44.41328725038364
27,4.0,3,-44.29999999999962,-245.82260302928717,-97.65211159058691,-44.29999999999962,-82.65708618566535,-44.35025125628102
28,4.0,4,-44.29999999999962,-83.65212334257113,-74.83099278172136,-269.22850070606415,-44.29999999999962,-44.40225642363337
29,4.0,5,-44.29999999999962,-61.73165104067441,-122.56917892853019,-66.28497819829899,-266.07616608213624,-44.29999999999962
30,5.0,0,-44.29999999999962,-44.40006253908654,-44.51086631969389,-44.41328725038364,-44.40206472778361,-383.49486101931416
31,5.0,1,-44.29999999999962,-44.29999999999962,-221.6579922357227,-94.42392044658307,-76.64365863089849,-44.56048590664965
32,5.0,2,-44.29999999999962,-125.61470190463662,-44.29999999999962,-86.87045525492933,-91.44216622977363,-44.41328725038364
33,5.0,3,-44.29999999999962,-245.82260302928717,-97.65211159058691,-44.29999999999962,-82.65708618566535,-44.35025125628102
34,5.0,4,-44.29999999999962,-83.65212334257113,-74.83099278172136,-269.22850070606415,-44.29999999999962,-44.40225642363337
35,5.0,5,-44.29999999999962,-61.73165104067441,-122.56917892853019,-66.28497819829899,-266.07616608213624,-44.29999999999962
36,6.0,0,-44.29999999999962,-44.40006253908654,-44.51086631969389,-44.41328725038364,-44.40206472778361,-383.49486101931416
37,6.0,1,-44.29999999999962,-44.29999999999962,-221.6579922357227,-94.42392044658307,-76.64365863089849,-44.56048590664965
38,6.0,2,-44.29999999999962,-125.61470190463662,-44.29999999999962,-86.87045525492933,-91.44216622977363,-44.41328725038364
39,6.0,3,-44.29999999999962,-245.82260302928717,-97.65211159058691,-44.29999999999962,-82.65708618566535,-44.35025125628102
40,6.0,4,-44.29999999999962,-83.65212334257113,-74.83099278172136,-269.22850070606415,-44.29999999999962,-44.40225642363337
41,6.0,5,-44.29999999999962,-61.73165104067441,-122.56917892853019,-66.28497819829899,-266.07616608213624,-44.29999999999962
42,7.0,0,-44.29999999999962,-44.40006253908654,-44.51086631969389,-44.41328725038364,-44.40206472778361,-383.49486101931416
43,7.0,1,-44.29999999999962,-44.29999999999962,-221.6579922357227,-94.42392044658307,-76.64365863089849,-44.56048590664965
44,7.0,2,-44.29999999999962,-125.61470190463662,-44.29999999999962,-86.87045525492933,-91.44216622977363,-44.41328725038364
45,7.0,3,-44.29999999999962,-245.82260302928717,-97.65211159058691,-44.29999999999962,-82.65708618566535,-44.35025125628102
46,7.0,4,-44.29999999999962,-83.65212334257113,-74.83099278172136,-269.22850070606415,-44.29999999999962,-44.40225642363337
47,7.0,5,-44.29999999999962,-61.73165104067441,-122.56917892853019,-66.28497819829899,-266.07616608213624,-44.29999999999962
48,8.0,0,-44.29999999999962,-44.40006253908654,-44.51086631969389,-44.41328725038364,-44.40206472778361,-383.49486101931416
49,8.0,1,-44.29999999999962,-44.29999999999962,-221.6579922357227,-94.42392044658307,-76.64365863089849,-44.56048590664965
50,8.0,2,-44.29999999999962,-125.61470190463662,-44.29999999999962,-86.87045525492933,-91.44216622977363,-44.41328725038364
51,8.0,3,-44.29999999999962,-245.82260302928717,-97.65211159058691,-44.29999999999962,-82.65708618566535,-44.35025125628102
52,8.0,4,-44.29999999999962,-83.65212334257113,-74.83099278172136,-269.22850070606415,-44.29999999999962,-44.40225642363337
53,8.0,5,-44.29999999999962,-61.73165104067441,-122.56917892853019,-66.28497819829899,-266.07616608213624,-44.29999999999962
54,9.0,0,-44.29999999999962,-44.40006253908654,-44.51086631969389,-44.41328725038364,-44.40206472778361,-383.49486101931416
55,9.0,1,-44.29999999999962,-44.29999999999962,-221.6579922357227,-94.42392044658307,-76.64365863089849,-44.56048590664965
56,9.0,2,-44.29999999999962,-125.61470190463662,-44.29999999999962,-86.87045525492933,-91.44216622977363,-44.41328725038364
57,9.0,3,-44.29999999999962,-245.82260302928717,-97.65211159058691,-44.29999999999962,-82.65708618566535,-44.35025125628102
58,9.0,4,-44.29999999999962,-83.65212334257113,-74.83099278172136,-269.22850070606415,-44.29999999999962,-44.40225642363337
59,9.0,5,-44.29999999999962,-61.73165104067441,-122.56917892853019,-66.28497819829899,-266.07616608213624,-44.29999999999962
60,10.0,0,-44.29999999999962,-44.40006253908654,-44.51086631969389,-44.41328725038364,-44.40206472778361,-383.49486101931416
61,10.0,1,-44.29999999999962,-44.29999999999962,-221.6579922357227,-94.42392044658307,-76.64365863089849,-44.56048590664965
62,10.0,2,-44.29999999999962,-125.61470190463662,-44.29999999999962,-86.87045525492933,-91.44216622977363,-44.41328725038364
63,10.0,3,-44.29999999999962,-245.82260302928717,-97.65211159058691,-44.29999999999962,-82.65708618566535,-44.35025125628102
64,10.0,4,-44.29999999999962,-83.65212334257113,-74.83099278172136,-269.22850070606415,-44.29999999999962,-44.40225642363337
65,10.0,5,-44.29999999999962,-61.73165104067441,-122.56917892853019,-66.28497819829899,-266.07616608213624,-44.29999999999962
66,11.0,0,-44.29999999999962,-44.40006253908654,-44.51086631969389,-44.41328725038364,-44.40206472778361,-383.49486101931416
67,11.0,1,-44.29999999999962,-44.29999999999962,-221.6579922357227,-94.42392044658307,-76.64365863089849,-44.56048590664965
68,11.0,2,-44.29999999999962,-125.61470190463662,-44.29999999999962,-86.87045525492933,-91.44216622977363,-44.41328725038364
69,11.0,3,-44.29999999999962,-245.82260302928717,-97.65211159058691,-44.29999999999962,-82.65708618566535,-44.35025125628102
70,11.0,4,-44.29999999999962,-83.65212334257113,-74.83099278172136,-269.22850070606415,-44.29999999999962,-44.40225642363337
71,11.0,5,-44.29999999999962,-61.73165104067441,-122.56917892853019,-66.28497819829899,-266.07616608213624,-44.29999999999962
72,12.0,0,-44.29999999999962,-44.40006253908654,-44.51086631969389,-44.41328725038364,-44.40206472778361,-383.49486101931416
73,12.0,1,-44.29999999999962,-44.29999999999962,-221.6579922357227,-94.42392044658307,-76.64365863089849,-44.56048590664965
74,12.0,2,-44.29999999999962,-125.61470190463662,-44.29999999999962,-86.87045525492933,-91.44216622977363,-44.41328725038364
75,12.0,3,-44.29999999999962,-245.82260302928717,-97.65211159058691,-44.29999999999962,-82.65708618566535,-44.35025125628102
76,12.0,4,-44.29999999999962,-83.65212334257113,-74.83099278172136,-269.22850070606415,-44.29999999999962,-44.40225642363337
77,12.0,5,-44.29999999999962,-61.73165104067441,-122.56917892853019,-66.28497819829899,-266.07616608213624,-44.29999999999962
78,13.0,0,-44.29999999999962,-44.40006253908654,-44.51086631969389,-44.41328725038364,-44.40206472778361,-383.49486101931416
79,13.0,1,-44.29999999999962,-44.29999999999962,-221.6579922357227,-94.42392044658307,-76.64365863089849,-44.56048590664965
80,13.0,2,-44.29999999999962,-125.61470190463662,-44.29999999999962,-86.87045525492933,-91.44216622977363,-44.41328725038364
81,13.0,3,-44.29999999999962,-245.82260302928717,-97.65211159058691,-44.29999999999962,-82.65708618566535,-44.35025125628102
82,13.0,4,-44.29999999999962,-83.65212334257113,-74.83099278172136,-269.22850070606415,-44.29999999999962,-44.40225642363337
83,13.0,5,-44.29999999999962,-61.73165104067441,-122.56917892853019,-66.28497819829899,-266.07616608213624,-44.29999999999962
84,14.0,0,-44.29999999999962,-44.40006253908654,-44.51086631969389,-44.41328725038364,-44.40206472778361,-383.49486101931416
85,14.0,1,-44.29999999999962,-44.29999999999962,-221.6579922357227,-94.42392044658307,-76.64365863089849,-44.56048590664965
86,14.0,2,-44.29999999999962,-125.61470190463662,-44.29999999999962,-86.87045525492933,-91.44216622977363,-44.41328725038364
87,14.0,3,-44.29999999999962,-245.82260302928717,-97.65211159058691,-44.29999999999962,-82.65708618566535,-44.35025125628102
88,14.0,4,-44.29999999999962,-83.65212334257113,-74.83099278172136,-269.22850070606415,-44.29999999999962,-44.40225642363337
89,14.0,5,-44.29999999999962,-61.73165104067441,-122.56917892853019,-66.28497819829899,-266.07616608213624,-44.29999999999962
90,15.0,0,-44.29999999999962,-44.40006253908654,-44.51086631969389,-44.41328725038364,-44.40206472778361,-383.49486101931416
91,15.0,1,-44.29999999999962,-44.29999999999962,-221.6579922357227,-94.42392044658307,-76.64365863089849,-44.56048590664965
92,15.0,2,-44.29999999999962,-125.61470190463662,-44.29999999999962,-86.87045525492933,-91.44216622977363,-44.41328725038364
93,15.0,3,-44.29999999999962,-245.82260302928717,-97.65211159058691,-44.29999999999962,-82.65708618566535,-44.35025125628102
94,15.0,4,-44.29999999999962,-83.65212334257113,-74.83099278172136,-269.22850070606415,-44.29999999999962,-44.40225642363337
95,15.0,5,-44.29999999999962,-61.73165104067441,-122.56917892853019,-66.28497819829899,-266.07616608213624,-44.29999999999962
96,16.0,0,-44.29999999999962,-44.40006253908654,-44.51086631969389,-44.41328725038364,-44.40206472778361,-383.49486101931416
97,16.0,1,-44.29999999999962,-44.29999999999962,-221.6579922357227,-94.42392044658307,-76.64365863089849,-44.56048590664965
98,16.0,2,-44.29999999999962,-125.61470190463662,-44.29999999999962,-86.87045525492933,-91.44216622977363,-44.41328725038364
99,16.0,3,-44.29999999999962,-245.82260302928717,-97.65211159058691,-44.29999999999962,-82.65708618566535,-44.35025125628102
100,16.0,4,-44.29999999999962,-83.65212334257113,-74.83099278172136,-269.22850070606415,-44.29999999999962,-44.40225642363337
101,16.0,5,-44.29999999999962,-61.73165104067441,-122.56917892853019,-66.28497819829899,-266.07616608213624,-44.29999999999962
102,17.0,0,-44.29999999999962,-44.40006253908654,-44.51086631969389,-44.41328725038364,-44.40206472778361,-383.49486101931416
103,17.0,1,-44.29999999999962,-44.29999999999962,-221.6579922357227,-94.42392044658307,-76.64365863089849,-44.56048590664965
104,17.0,2,-44.29999999999962,-125.61470190463662,-44.29999999999962,-86.87045525492933,-91.44216622977363,-44.41328725038364
105,17.0,3,-44.29999999999962,-245.82260302928717,-97.65211159058691,-44.29999999999962,-82.65708618566535,-44.35025125628102
106,17.0,4,-44.29999999999962,-83.65212334257113,-74.83099278172136,-269.22850070606415,-44.29999999999962,-44.40225642363337
107,17.0,5,-44.29999999999962,-61.73165104067441,-122.56917892853019,-66.28497819829899,-266.07616608213624,-44.29999999999962
108,18.0,0,-44.29999999999962,-44.40006253908654,-44.51086631969389,-44.41328725038364,-44.40206472778361,-383.49486101931416
109,18.0,1,-44.29999999999962,-44.29999999999962,-221.6579922357227,-94.42392044658307,-76.64365863089849,-44.56048590664965
110,18.0,2,-44.29999999999962,-125.61470190463662,-44.29999999999962,-86.87045525492933,-91.44216622977363,-44.41328725038364
111,18.0,3,-44.29999999999962,-245.82260302928717,-97.65211159058691,-44.29999999999962,-82.65708618566535,-44.35025125628102
112,18.0,4,-44.29999999999962,-83.65212334257113,-74.83099278172136,-269.22850070606415,-44.29999999999962,-44.40225642363337
113,18.0,5,-44.29999999999962,-61.73165104067441,-122.56917892853019,-66.28497819829899,-266.07616608213624,-44.29999999999962
114,19.0,0,-44.29999999999962,-44.40006253908654,-44.51086631969389,-44.41328725038364,-44.40206472778361,-383.49486101931416
115,19.0,1,-44.29999999999962,-44.29999999999962,-221.6579922357227,-94.42392044658307,-76.64365863089849,-44.56048590664965
116,19.0,2,-44.29999999999962,-125.61470190463662,-44.29999999999962,-86.87045525492933,-91.44216622977363,-44.41328725038364
117,19.0,3,-44.29999999999962,-245.82260302928717,-97.65211159058691,-44.29999999999962,-82.65708618566535,-44.35025125628102
118,19.0,4,-44.29999999999962,-83.65212334257113,-74.83099278172136,-269.22850070606415,-44.29999999999962,-44.40225642363337
119,19.0,5,-44.29999999999962,-61.73165104067441,-122.56917892853019,-66.28497819829899,-266.07616608213624,-44.29999999999962
120,20.0,0,-44.29999999999962,-44.40006253908654,-44.51086631969389,-44.41328725038364,-44.40206472778361,-383.49486101931416
121,20.0,1,-44.29999999999962,-44.29999999999962,-221.6579922357227,-94.42392044658307,-76.64365863089849,-44.56048590664965
122,20.0,2,-44.29999999999962,-125.61470190463662,-44.29999999999962,-86.87045525492933,-91.44216622977363,-44.41328725038364
123,20.0,3,-44.29999999999962,-245.82260302928717,-97.65211159058691,-44.29999999999962,-82.65708618566535,-44.35025125628102
124,20.0,4,-44.29999999999962,-83.65212334257113,-74.83099278172136,-269.22850070606415,-44.29999999999962,-44.40225642363337
125,20.0,5,-44.29999999999962,-61.73165104067441,-122.56917892853019,-66.28497819829899,-266.07616608213624,-44.29999999999962
126,21.0,0,-44.29999999999962,-44.40006253908654,-44.51086631969389,-44.41328725038364,-44.40206472778361,-383.49486101931416
127,21.0,1,-44.29999999999962,-44.29999999999962,-221.6579922357227,-94.42392044658307,-76.64365863089849,-44.56048590664965
128,21.0,2,-44.29999999999962,-125.61470190463662,-44.29999999999962,-86.87045525492933,-91.44216622977363,-44.41328725038364
129,21.0,3,-44.29999999999962,-245.82260302928717,-97.65211159058691,-44.29999999999962,-82.65708618566535,-44.35025125628102
130,21.0,4,-44.29999999999962,-83.65212334257113,-74.83099278172136,-269.22850070606415,-44.29999999999962,-44.40225642363337
131,21.0,5,-44.29999999999962,-61.73165104067441,-122.56917892853019,-66.28497819829899,-266.07616608213624,-44.29999999999962
132,22.0,0,-44.29999999999962,-44.40006253908654,-44.51086631969389,-44.41328725038364,-44.40206472778361,-383.49486101931416
133,22.0,1,-44.29999999999962,-44.29999999999962,-221.6579922357227,-94.42392044658307,-76.64365863089849,-44.56048590664965
134,22.0,2,-44.29999999999962,-125.61470190463662,-44.29999999999962,-86.87045525492933,-91.44216622977363,-44.41328725038364
135,22.0,3,-44.29999999999962,-245.82260302928717,-97.65211159058691,-44.29999999999962,-82.65708618566535,-44.35025125628102
136,22.0,4,-44.29999999999962,-83.65212334257113,-74.83099278172136,-269.22850070606415,-44.29999999999962,-44.40225642363337
137,22.0,5,-44.29999999999962,-61.73165104067441,-122.56917892853019,-66.28497819829899,-266.07616608213624,-44.29999999999962
138,23.0,0,-44.29999999999962,-44.40006253908654,-44.51086631969389,-44.41328725038364,-44.40206472778361,-383.49486101931416
139,23.0,1,-44.29999999999962,-44.29999999999962,-221.6579922357227,-94.42392044658307,-76.64365863089849,-44.56048590664965
140,23.0,2,-44.29999999999962,-125.61470190463662,-44.29999999999962,-86.87045525492933,-91.44216622977363,-44.41328725038364
141,23.0,3,-44.29999999999962,-245.82260302928717,-97.65211159058691,-44.29999999999962,-82.65708618566535,-44.35025125628102
142,23.0,4,-44.29999999999962,-83.65212334257113,-74.83099278172136,-269.22850070606415,-44.29999999999962,-44.40225642363337
143,23.0,5,-44.29999999999962,-61.73165104067441,-122.56917892853019,-66.28497819829899,-266.07616608213624,-44.29999999999962
144,24.0,0,-44.29999999999962,-44.40006253908654,-44.51086631969389,-44.41328725038364,-44.40206472778361,-383.49486101931416
145,24.0,1,-44.29999999999962,-44.29999999999962,-221.6579922357227,-94.42392044658307,-76.64365863089849,-44.56048590664965
146,24.0,2,-44.29999999999962,-125.61470190463662,-44.29999999999962,-86.87045525492933,-91.44216622977363,-44.41328725038364
147,24.0,3,-44.29999999999962,-245.82260302928717,-97.65211159058691,-44.29999999999962,-82.65708618566535,-44.35025125628102
148,24.0,4,-44.29999999999962,-83.65212334257113,-74.83099278172136,-269.22850070606415,-44.29999999999962,-44.40225642363337
149,24.0,5,-44.29999999999962,-61.73165104067441,-122.56917892853019,-66.28497819829899,-266.07616608213624,-44.29999999999962
150,25.0,0,-44.29999999999962,-44.40006253908654,-44.51086631969389,-44.41328725038364,-44.40206472778361,-383.49486101931416
151,25.0,1,-44.29999999999962,-44.29999999999962,-221.6579922357227,-94.42392044658307,-76.64365863089849,-44.56048590664965
152,25.0,2,-44.29999999999962,-125.61470190463662,-44.29999999999962,-86.87045525492933,-91.44216622977363,-44.41328725038364
153,25.0,3,-44.29999999999962,-245.82260302928717,-97.65211159058691,-44.29999999999962,-82.65708618566535,-44.35025125628102
154,25.0,4,-44.29999999999962,-83.65212334257113,-74.83099278172136,-269.22850070606415,-44.29999999999962,-44.40225642363337
155,25.0,5,-44.29999999999962,-61.73165104067441,-122.56917892853019,-66.28497819829899,-266.07616608213624,-44.29999999999962
156,26.0,0,-44.29999999999962,-44.40006253908654,-44.51086631969389,-44.41328725038364,-44.40206472778361,-383.49486101931416
157,26.0,1,-44.29999999999962,-44.29999999999962,-221.6579922357227,-94.42392044658307,-76.64365863089849,-44.56048590664965
158,26.0,2,-44.29999999999962,-125.61470190463662,-44.29999999999962,-86.87045525492933,-91.44216622977363,-44.41328725038364
159,26.0,3,-44.29999999999962,-245.82260302928717,-97.65211159058691,-44.29999999999962,-82.65708618566535,-44.35025125628102
160,26.0,4,-44.29999999999962,-83.65212334257113,-74.83099278172136,-269.22850070606415,-44.29999999999962,-44.40225642363337
161,26.0,5,-44.29999999999962,-61.73165104067441,-122.56917892853019,-66.28497819829899,-266.07616608213624,-44.29999999999962
162,27.0,0,-44.29999999999962,-44.40006253908654,-44.51086631969389,-44.41328725038364,-44.40206472778361,-383.49486101931416
163,27.0,1,-44.29999999999962,-44.29999999999962,-221.6579922357227,-94.42392044658307,-76.64365863089849,-44.56048590664965
164,27.0,2,-44.29999999999962,-125.61470190463662,-44.29999999999962,-86.87045525492933,-91.44216622977363,-44.41328725038364
165,27.0,3,-44.29999999999962,-245.82260302928717,-97.65211159058691,-44.29999999999962,-82.65708618566535,-44.35025125628102
166,27.0,4,-44.29999999999962,-83.65212334257113,-74.83099278172136,-269.22850070606415,-44.29999999999962,-44.40225642363337
167,27.0,5,-44.29999999999962,-61.73165104067441,-122.56917892853019,-66.28497819829899,-266.07616608213624,-44.29999999999962
168,28.0,0,-44.29999999999962,-44.40006253908654,-44.51086631969389,-44.41328725038364,-44.40206472778361,-383.49486101931416
169,28.0,1,-44.29999999999962,-44.29999999999962,-221.6579922357227,-94.42392044658307,-76.64365863089849,-44.56048590664965
170,28.0,2,-44.29999999999962,-125.61470190463662,-44.29999999999962,-86.87045525492933,-91.44216622977363,-44.41328725038364
171,28.0,3,-44.29999999999962,-245.82260302928717,-97.65211159058691,-44.29999999999962,-82.65708618566535,-44.35025125628102
172,28.0,4,-44.29999999999962,-83.65212334257113,-74.83099278172136,-269.22850070606415,-44.29999999999962,-44.40225642363337
173,28.0,5,-44.29999999999962,-61.73165104067441,-122.56917892853019,-66.28497819829899,-266.07616608213624,-44.29999999999962
174,29.0,0,-44.29999999999962,-44.40006253908654,-44.51086631969389,-44.41328725038364,-44.40206472778361,-383.49486101931416
175,29.0,1,-44.29999999999962,-44.29999999999962,-221.6579922357227,-94.42392044658307,-76.64365863089849,-44.56048590664965
176,29.0,2,-44.29999999999962,-125.61470190463662,-44.29999999999962,-86.87045525492933,-91.44216622977363,-44.41328725038364
177,29.0,3,-44.29999999999962,-245.82260302928717,-97.65211159058691,-44.29999999999962,-82.65708618566535,-44.35025125628102
178,29.0,4,-44.29999999999962,-83.65212334257113,-74.83099278172136,-269.22850070606415,-44.29999999999962,-44.40225642363337
179,29.0,5,-44.29999999999962,-61.73165104067441,-122.56917892853019,-66.28497819829899,-266.07616608213624,-44.29999999999962
180,30.0,0,-44.29999999999962,-44.40006253908654,-44.51086631969389,-44.41328725038364,-44.40206472778361,-383.49486101931416
181,30.0,1,-44.29999999999962,-44.29999999999962,-221.6579922357227,-94.42392044658307,-76.64365863089849,-44.56048590664965
182,30.0,2,-44.29999999999962,-125.61470190463662,-44.29999999999962,-86.87045525492933,-91.44216622977363,-44.41328725038364
183,30.0,3,-44.29999999999962,-245.82260302928717,-97.65211159058691,-44.29999999999962,-82.65708618566535,-44.35025125628102
184,30.0,4,-44.29999999999962,-83.65212334257113,-74.83099278172136,-269.22850070606415,-44.29999999999962,-44.40225642363337
185,30.0,5,-44.29999999999962,-61.73165104067441,-122.56917892853019,-66.28497819829899,-266.07616608213624,-44.29999999999962
186,31.0,0,-44.29999999999962,-44.40006253908654,-44.51086631969389,-44.41328725038364,-44.40206472778361,-383.49486101931416
187,31.0,1,-44.29999999999962,-44.29999999999962,-221.6579922357227,-94.42392044658307,-76.64365863089849,-44.56048590664965
188,31.0,2,-44.29999999999962,-125.61470190463662,-44.29999999999962,-86.87045525492933,-91.44216622977363,-44.41328725038364
189,31.0,3,-44.29999999999962,-245.82260302928717,-97.65211159058691,-44.29999999999962,-82.65708618566535,-44.35025125628102
190,31.0,4,-44.29999999999962,-83.65212334257113,-74.83099278172136,-269.22850070606415,-44.29999999999962,-44.40225642363337
191,31.0,5,-44.29999999999962,-61.73165104067441,-122.56917892853019,-66.28497819829899,-266.07616608213624,-44.29999999999962
192,32.0,0,-44.29999999999962,-44.40006253908654,-44.51086631969389,-44.41328725038364,-44.40206472778361,-383.49486101931416
193,32.0,1,-44.29999999999962,-44.29999999999962,-221.6579922357227,-94.42392044658307,-76.64365863089849,-44.56048590664965
194,32.0,2,-44.29999999999962,-125.61470190463662,-44.29999999999962,-86.87045525492933,-91.44216622977363,-44.41328725038364
195,32.0,3,-44.29999999999962,-245.82260302928717,-97.65211159058691,-44.29999999999962,-82.65708618566535,-44.35025125628102
196,32.0,4,-44.29999999999962,-83.65212334257113,-74.83099278172136,-269.22850070606415,-44.29999999999962,-44.40225642363337
197,32.0,5,-44.29999999999962,-61.73165104067441,-122.56917892853019,-66.28497819829899,-266.07616608213624,-44.29999999999962
198,33.0,0,-44.29999999999962,-44.40006253908654,-44.51086631969389,-44.41328725038364,-44.40206472778361,-383.49486101931416
199,33.0,1,-44.29999999999962,-44.29999999999962,-221.6579922357227,-94.42392044658307,-76.64365863089849,-44.56048590664965
200,33.0,2,-44.29999999999962,-125.61470190463662,-44.29999999999962,-86.87045525492933,-91.44216622977363,-44.41328725038364
201,33.0,3,-44.29999999999962,-245.82260302928717,-97.65211159058691,-44.29999999999962,-82.65708618566535,-44.35025125628102
202,33.0,4,-44.29999999999962,-83.65212334257113,-74.83099278172136,-269.22850070606415,-44.29999999999962,-44.40225642363337
203,33.0,5,-44.29999999999962,-61.73165104067441,-122.56917892853019,-66.28497819829899,-266.07616608213624,-44.29999999999962
204,34.0,0,-44.29999999999962,-44.40006253908654,-44.51086631969389,-44.41328725038364,-44.40206472778361,-383.49486101931416
205,34.0,1,-44.29999999999962,-44.29999999999962,-221.6579922357227,-94.42392044658307,-76.64365863089849,-44.56048590664965
206,34.0,2,-44.29999999999962,-125.61470190463662,-44.29999999999962,-86.87045525492933,-91.44216622977363,-44.41328725038364
207,34.0,3,-44.29999999999962,-245.82260302928717,-97.65211159058691,-44.29999999999962,-82.65708618566535,-44.35025125628102
208,34.0,4,-44.29999999999962,-83.65212334257113,-74.83099278172136,-269.22850070606415,-44.29999999999962,-44.40225642363337
209,34.0,5,-44.29999999999962,-61.73165104067441,-122.56917892853019,-66.28497819829899,-266.07616608213624,-44.29999999999962
210,35.0,0,-44.29999999999962,-44.40006253908654,-44.51086631969389,-44.41328725038364,-44.40206472778361,-383.49486101931416
211,35.0,1,-44.29999999999962,-44.29999999999962,-221.6579922357227,-94.42392044658307,-76.64365863089849,-44.56048590664965
212,35.0,2,-44.29999999999962,-125.61470190463662,-44.29999999999962,-86.87045525492933,-91.44216622977363,-44.41328725038364
213,35.0,3,-44.29999999999962,-245.82260302928717,-97.65211159058691,-44.29999999999962,-82.65708618566535,-44.35025125628102
214,35.0,4,-44.29999999999962,-83.65212334257113,-74.83099278172136,-269.22850070606415,-44.29999999999962,-44.40225642363337
215,35.0,5,-44.29999999999962,-61.73165104067441,-122.56917892853019,-66.28497819829899,-266.07616608213624,-44.29999999999962
216,36.0,0,-44.29999999999962,-44.40006253908654,-44.51086631969389,-44.41328725038364,-44.40206472778361,-383.49486101931416
217,36.0,1,-44.29999999999962,-44.29999999999962,-221.6579922357227,-94.42392044658307,-76.64365863089849,-44.56048590664965
218,36.0,2,-44.29999999999962,-125.61470190463662,-44.29999999999962,-86.87045525492933,-91.44216622977363,-44.41328725038364
219,36.0,3,-44.29999999999962,-245.82260302928717,-97.65211159058691,-44.29999999999962,-82.65708618566535,-44.35025125628102
220,36.0,4,-44.29999999999962,-83.65212334257113,-74.83099278172136,-269.22850070606415,-44.29999999999962,-44.40225642363337
221,36.0,5,-44.29999999999962,-61.73165104067441,-122.56917892853019,-66.28497819829899,-266.07616608213624,-44.29999999999962
222,37.0,0,-44.29999999999962,-44.40006253908654,-44.51086631969389,-44.41328725038364,-44.40206472778361,-383.49486101931416
223,37.0,1,-44.29999999999962,-44.29999999999962,-221.6579922357227,-94.42392044658307,-76.64365863089849,-44.56048590664965
224,37.0,2,-44.29999999999962,-125.61470190463662,-44.29999999999962,-86.87045525492933,-91.44216622977363,-44.41328725038364
225,37.0,3,-44.29999999999962,-245.82260302928717,-97.65211159058691,-44.29999999999962,-82.65708618566535,-44.35025125628102
226,37.0,4,-44.29999999999962,-83.65212334257113,-74.83099278172136,-269.22850070606415,-44.29999999999962,-44.40225642363337
227,37.0,5,-44.29999999999962,-61.73165104067441,-122.56917892853019,-66.28497819829899,-266.07616608213624,-44.29999999999962
228,38.0,0,-44.29999999999962,-44.40006253908654,-44.51086631969389,-44.41328725038364,-44.40206472778361,-383.49486101931416
229,38.0,1,-44.29999999999962,-44.29999999999962,-221.6579922357227,-94.42392044658307,-76.64365863089849,-44.56048590664965
230,38.0,2,-44.29999999999962,-125.61470190463662,-44.29999999999962,-86.87045525492933,-91.44216622977363,-44.41328725038364
231,38.0,3,-44.29999999999962,-245.82260302928717,-97.65211159058691,-44.29999999999962,-82.65708618566535,-44.35025125628102
232,38.0,4,-44.29999999999962,-83.65212334257113,-74.83099278172136,-269.22850070606415,-44.29999999999962,-44.40225642363337
233,38.0,5,-44.29999999999962,-61.73165104067441,-122.56917892853019,-66.28497819829899,-266.07616608213624,-44.29999999999962
234,39.0,0,-44.29999999999962,-44.40006253908654,-44.51086631969389,-44.41328725038364,-44.40206472778361,-383.49486101931416
235,39.0,1,-44.29999999999962,-44.29999999999962,-221.6579922357227,-94.42392044658307,-76.64365863089849,-44.56048590664965
236,39.0,2,-44.29999999999962,-125.61470190463662,-44.29999999999962,-86.87045525492933,-91.44216622977363,-44.41328725038364
237,39.0,3,-44.29999999999962,-245.82260302928717,-97.65211159058691,-44.29999999999962,-82.65708618566535,-44.35025125628102
238,39.0,4,-44.29999999999962,-83.65212334257113,-74.83099278172136,-269.22850070606415,-44.29999999999962,-44.40225642363337
239,39.0,5,-44.29999999999962,-61.73165104067441,-122.56917892853019,-66.28497819829899,-266.07616608213624,-44.29999999999962
240,40.0,0,-44.29999999999962,-44.40006253908654,-44.51086631969389,-44.41328725038364,-44.40206472778361,-383.49486101931416
241,40.0,1,-44.29999999999962,-44.29999999999962,-221.6579922357227,-94.42392044658307,-76.64365863089849,-44.56048590664965
242,40.0,2,-44.29999999999962,-125.61470190463662,-44.29999999999962,-86.87045525492933,-91.44216622977363,-44.41328725038364
243,40.0,3,-44.29999999999962,-245.82260302928717,-97.65211159058691,-44.29999999999962,-82.65708618566535,-44.35025125628102
244,40.0,4,-44.29999999999962,-83.65212334257113,-74.83099278172136,-269.22850070606415,-44.29999999999962,-44.40225642363337
245,40.0,5,-44.29999999999962,-61.73165104067441,-122.56917892853019,-66.28497819829899,-266.07616608213624,-44.29999999999962
246,41.0,0,-44.29999999999962,-44.40006253908654,-44.51086631969389,-44.41328725038364,-44.40206472778361,-383.49486101931416
247,41.0,1,-44.29999999999962,-44.29999999999962,-221.6579922357227,-94.42392044658307,-76.64365863089849,-44.56048590664965
248,41.0,2,-44.29999999999962,-125.61470190463662,-44.29999999999962,-86.87045525492933,-91.44216622977363,-44.41328725038364
249,41.0,3,-44.29999999999962,-245.82260302928717,-97.65211159058691,-44.29999999999962,-82.65708618566535,-44.35025125628102
250,41.0,4,-44.29999999999962,-83.65212334257113,-74.83099278172136,-269.22850070606415,-44.29999999999962,-44.40225642363337
251,41.0,5,-44.29999999999962,-61.73165104067441,-122.56917892853019,-66.28497819829899,-266.07616608213624,-44.29999999999962
252,42.0,0,-44.29999999999962,-44.40006253908654,-44.51086631969389,-44.41328725038364,-44.40206472778361,-383.49486101931416
253,42.0,1,-44.29999999999962,-44.29999999999962,-221.6579922357227,-94.42392044658307,-76.64365863089849,-44.56048590664965
254,42.0,2,-44.29999999999962,-125.61470190463662,-44.29999999999962,-86.87045525492933,-91.44216622977363,-44.41328725038364
255,42.0,3,-44.29999999999962,-245.82260302928717,-97.65211159058691,-44.29999999999962,-82.65708618566535,-44.35025125628102
256,42.0,4,-44.29999999999962,-83.65212334257113,-74.83099278172136,-269.22850070606415,-44.29999999999962,-44.40225642363337
257,42.0,5,-44.29999999999962,-61.73165104067441,-122.56917892853019,-66.28497819829899,-266.07616608213624,-44.29999999999962
258,43.0,0,-44.29999999999962,-44.40006253908654,-44.51086631969389,-44.41328725038364,-44.40206472778361,-383.49486101931416
259,43.0,1,-44.29999999999962,-44.29999999999962,-221.6579922357227,-94.42392044658307,-76.64365863089849,-44.56048590664965
260,43.0,2,-44.29999999999962,-125.61470190463662,-44.29999999999962,-86.87045525492933,-91.44216622977363,-44.41328725038364
261,43.0,3,-44.29999999999962,-245.82260302928717,-97.65211159058691,-44.29999999999962,-82.65708618566535,-44.35025125628102
262,43.0,4,-44.29999999999962,-83.65212334257113,-74.83099278172136,-269.22850070606415,-44.29999999999962,-44.40225642363337
263,43.0,5,-44.29999999999962,-61.73165104067441,-122.56917892853019,-66.28497819829899,-266.07616608213624,-44.29999999999962
264,44.0,0,-44.29999999999962,-44.40006253908654,-44.51086631969389,-44.41328725038364,-44.40206472778361,-383.49486101931416
265,44.0,1,-44.29999999999962,-44.29999999999962,-221.6579922357227,-94.42392044658307,-76.64365863089849,-44.56048590664965
266,44.0,2,-44.29999999999962,-125.61470190463662,-44.29999999999962,-86.87045525492933,-91.44216622977363,-44.41328725038364
267,44.0,3,-44.29999999999962,-245.82260302928717,-97.65211159058691,-44.29999999999962,-82.65708618566535,-44.35025125628102
268,44.0,4,-44.29999999999962,-83.65212334257113,-74.83099278172136,-269.22850070606415,-44.29999999999962,-44.40225642363337
269,44.0,5,-44.29999999999962,-61.73165104067441,-122.56917892853019,-66.28497819829899,-266.07616608213624,-44.29999999999962
270,45.0,0,-44.29999999999962,-44.40006253908654,-44.51086631969389,-44.41328725038364,-44.40206472778361,-383.49486101931416
271,45.0,1,-44.29999999999962,-44.29999999999962,-221.6579922357227,-94.42392044658307,-76.64365863089849,-44.56048590664965
272,45.0,2,-44.29999999999962,-125.61470190463662,-44.29999999999962,-86.87045525492933,-91.44216622977363,-44.41328725038364
273,45.0,3,-44.29999999999962,-245.82260302928717,-97.65211159058691,-44.29999999999962,-82.65708618566535,-44.35025125628102
274,45.0,4,-44.29999999999962,-83.65212334257113,-74.83099278172136,-269.22850070606415,-44.29999999999962,-44.40225642363337
275,45.0,5,-44.29999999999962,-61.73165104067441,-122.56917892853019,-66.28497819829899,-266.07616608213624,-44.29999999999962
276,46.0,0,-44.29999999999962,-44.40006253908654,-44.51086631969389,-44.41328725038364,-44.40206472778361,-383.49486101931416
277,46.0,1,-44.29999999999962,-44.29999999999962,-221.6579922357227,-94.42392044658307,-76.64365863089849,-44.56048590664965
278,46.0,2,-44.29999999999962,-125.61470190463662,-44.29999999999962,-86.87045525492933,-91.44216622977363,-44.41328725038364
279,46.0,3,-44.29999999999962,-245.82260302928717,-97.65211159058691,-44.29999999999962,-82.65708618566535,-44.35025125628102
280,46.0,4,-44.29999999999962,-83.65212334257113,-74.83099278172136,-269.22850070606415,-44.29999999999962,-44.40225642363337
281,46.0,5,-44.29999999999962,-61.73165104067441,-122.56917892853019,-66.28497819829899,-266.07616608213624,-44.29999999999962
282,47.0,0,-44.29999999999962,-44.40006253908654,-44.51086631969389,-44.41328725038364,-44.40206472778361,-383.49486101931416
283,47.0,1,-44.29999999999962,-44.29999999999962,-221.6579922357227,-94.42392044658307,-76.64365863089849,-44.56048590664965
284,47.0,2,-44.29999999999962,-125.61470190463662,-44.29999999999962,-86.87045525492933,-91.44216622977363,-44.41328725038364
285,47.0,3,-44.29999999999962,-245.82260302928717,-97.65211159058691,-44.29999999999962,-82.65708618566535,-44.35025125628102
286,47.0,4,-44.29999999999962,-83.65212334257113,-74.83099278172136,-269.22850070606415,-44.29999999999962,-44.40225642363337
287,47.0,5,-44.29999999999962,-61.73165104067441,-122.56917892853019,-66.28497819829899,-266.07616608213624,-44.29999999999962
288,48.0,0,-44.29999999999962,-44.40006253908654,-44.51086631969389,-44.41328725038364,-44.40206472778361,-383.49486101931416
289,48.0,1,-44.29999999999962,-44.29999999999962,-221.6579922357227,-94.42392044658307,-76.64365863089849,-44.56048590664965
290,48.0,2,-44.29999999999962,-125.61470190463662,-44.29999999999962,-86.87045525492933,-91.44216622977363,-44.41328725038364
291,48.0,3,-44.29999999999962,-245.82260302928717,-97.65211159058691,-44.29999999999962,-82.65708618566535,-44.35025125628102
292,48.0,4,-44.29999999999962,-83.65212334257113,-74.83099278172136,-269.22850070606415,-44.29999999999962,-44.40225642363337
293,48.0,5,-44.29999999999962,-61.73165104067441,-122.56917892853019,-66.28497819829899,-266.07616608213624,-44.29999999999962
294,49.0,0,-44.29999999999962,-44.40006253908654,-44.51086631969389,-44.41328725038364,-44.40206472778361,-383.49486101931416
295,49.0,1,-44.29999999999962,-44.29999999999962,-221.6579922357227,-94.42392044658307,-76.64365863089849,-44.56048590664965
296,49.0,2,-44.29999999999962,-125.61470190463662,-44.29999999999962,-86.87045525492933,-91.44216622977363,-44.41328725038364
297,49.0,3,-44.29999999999962,-245.82260302928717,-97.65211159058691,-44.29999999999962,-82.65708618566535,-44.35025125628102
298,49.0,4,-44.29999999999962,-83.65212334257113,-74.83099278172136,-269.22850070606415,-44.29999999999962,-44.40225642363337
299,49.0,5,-44.29999999999962,-61.73165104067441,-122.56917892853019,-66.28497819829899,-266.07616608213624,-44.29999999999962
